vendor_id,views,orders,net_rev,conversion_rate,vendor_tier,vendor_region,vendor_quality_score
V023,7651,1123,28744.23394117647,0.14677819892824467,Gold,Europe,1.334
V025,4366,531,26197.55191919192,0.12162162162162163,Bronze,North Africa,0.143
V028,9619,1153,38687.986649184146,0.1198669300343071,Silver,GCC,0.982
V013,6530,755,28125.682856410258,0.11562021439509954,Silver,North Africa,0.066
